Paper Name,City,County,State,Website Url,CMS Vendor,CMS Platform
,,,,https://www.tribune242.com/,ePublishing,Ellington CMS
,,,,https://www.nevadaappeal.com/,ePublishing,Ellington CMS
,,,,http://www.apparelnews.net/,ePublishing,Ellington CMS
,,,,https://cdapress.com/,ePublishing,Ellington CMS
,,,,https://dailyinterlake.com/,ePublishing,Ellington CMS
,,,,https://www.epublishing.com/,ePublishing,Ellington CMS
,,,,https://www.connectionnewspapers.com/,ePublishing,Ellington CMS
,,,,https://thewesternnews.com/,ePublishing,Ellington CMS
,,,,https://www.fairfaxconnection.com/,ePublishing,Ellington CMS
,,,,https://seaislenews.com/,ePublishing,Ellington CMS
,,,,https://shoshonenewspress.com/,ePublishing,Ellington CMS
,,,,https://breakingac.com/,ePublishing,Ellington CMS
,,,,https://www.alexandriagazette.com/,ePublishing,Ellington CMS
,,,,https://www.arlingtonconnection.com/,ePublishing,Ellington CMS
,,,,https://thelandondemand.com/,ePublishing,Ellington CMS
,,,,https://whitefishpilot.com/,ePublishing,Ellington CMS
,,,,https://www.snoho.com/,ePublishing,Ellington CMS
,,,,https://www.springfieldconnection.com/,ePublishing,Ellington CMS
,,,,https://hungryhorsenews.com/,ePublishing,Ellington CMS
,,,,https://facecake.com/,ePublishing,Ellington CMS
,,,,https://www.reston-connection.com/,ePublishing,Ellington CMS
,,,,http://mintchaos.com/,ePublishing,Ellington CMS
,,,,https://www.mcleanconnection.com/,ePublishing,Ellington CMS
,,,,https://www.viennaconnection.com/,ePublishing,Ellington CMS
,,,,https://www.greatfallsconnection.com/,ePublishing,Ellington CMS
,,,,http://connectionarchives.com/,ePublishing,Ellington CMS
,,,,https://leaderadvertiser.com/,ePublishing,Ellington CMS
,,,,https://madisonparktimes.com/,ePublishing,Ellington CMS
,,,,https://www.connection-sports.com/,ePublishing,Ellington CMS
,,,,https://vp-mi.com/,ePublishing,Ellington CMS
,,,,https://www.mountvernongazette.com/,ePublishing,Ellington CMS
,,,,https://bigforkeagle.com/,ePublishing,Ellington CMS
,,,,http://www.ontcoman.com/,ePublishing,Ellington CMS
,,,,https://halfpintpeeps.com/,ePublishing,Ellington CMS
,,,,https://www.fairfaxstationconnection.com/,ePublishing,Ellington CMS
,,,,https://thedodgevillechronicle.com/,ePublishing,Ellington CMS
,,,,http://englewoodreview.com/,ePublishing,Ellington CMS
,,,,https://www.saviderm.com/,ePublishing,Ellington CMS
,,,,https://holyinnocentschurch.net/,ePublishing,Ellington CMS
,,,,https://dispatchnews.com/,ePublishing,Ellington CMS
,,,,http://thecr.com/,ePublishing,Ellington CMS
,,,,https://holography-news.com/,ePublishing,Ellington CMS
,,,,http://www.movingfreewithmirabai.com/,ePublishing,Ellington CMS
,,,,https://postneo.com/,ePublishing,Ellington CMS
,,,,https://currency-news.com/,ePublishing,Ellington CMS
,,,,https://www.hazeldenefarm.com/,ePublishing,Ellington CMS
,,,,https://calypsosa.com/,ePublishing,Ellington CMS
,,,,http://fearandloathinginarkansas.blogspot.com/,ePublishing,Ellington CMS
,,,,https://securedocumentnews.com/,ePublishing,Ellington CMS
,,,,https://basinbusinessjournal.com/,ePublishing,Ellington CMS
,,,,https://olgcc.net/,ePublishing,Ellington CMS
,,,,https://www.myccfcu.org/,ePublishing,Ellington CMS
,,,,https://hsjonline.org/,ePublishing,Ellington CMS
,,,,http://www.gogosabah.com/,ePublishing,Ellington CMS
,,,,https://musicpressreleases.com/,ePublishing,Ellington CMS
,,,,http://www.immaculateinning.com/,ePublishing,Ellington CMS
,,,,http://www.texastrashtalk.com/,ePublishing,Ellington CMS
,,,,https://www.itspiders.net/,ePublishing,Ellington CMS
,,,,https://bonnercountydailybee.com/,ePublishing,Ellington CMS
,,,,https://weeklysift.com/,ePublishing,Ellington CMS
,,,,https://columbiabasinherald.com/,ePublishing,Ellington CMS
,,,,https://www.recordcourier.com/,ePublishing,Ellington CMS
,,,,http://stylemagazine.com/,ePublishing,Ellington CMS
,,,,https://www.centre-view.com/,ePublishing,Ellington CMS
,,,,https://www.hvacrbusiness.com/,ePublishing,Ellington CMS
,,,,http://www.flip-book-online.com/,ePublishing,Ellington CMS
,,,,https://queenannenews.com/,ePublishing,Ellington CMS
,,,,https://bonnersferryherald.com/,ePublishing,Ellington CMS
,,,,https://richmondfreepress.com/,ePublishing,Ellington CMS
,,,,https://www.potomacalmanac.com/,ePublishing,Ellington CMS
,,,,https://www.nnbw.com/,ePublishing,Ellington CMS
,,,,https://www.burkeconnection.com/,ePublishing,Ellington CMS
,,,,https://www.herndonconnection.com/,ePublishing,Ellington CMS
,,,,https://tennesseelifestyles.com/,ePublishing,Ellington CMS
,,,,https://capemaynjdaily.com/,ePublishing,Ellington CMS
,,,,http://balajir.com/,ePublishing,Ellington CMS
,,,,http://www.logansportparks.com/,ePublishing,Ellington CMS
,,,,https://boisejournal.com/,ePublishing,Ellington CMS
,,,,http://jackson-rathbone.org/,ePublishing,Ellington CMS
,,,,https://paxchristisouth.org/,ePublishing,Ellington CMS
,,,,http://sportsinthebahamas.com/,ePublishing,Ellington CMS
,,,,https://www.vidchenault.com/,ePublishing,Ellington CMS
,,,,https://centralbucksnews.com/,ePublishing,Ellington CMS
,,,,https://www.coeurdalenelive.com/,ePublishing,Ellington CMS
,,,,http://bouncehouses4less.com/,ePublishing,Ellington CMS
,,,,https://americanlendingcenter.com/,ePublishing,Ellington CMS
,,,,https://midmobusiness.com/,ePublishing,Ellington CMS
,,,,https://www.christfaithpower.com/,ePublishing,Ellington CMS
,,,,http://www.mychattanooga.com/,ePublishing,Ellington CMS
,,,,http://futsalnesia.com/,ePublishing,Ellington CMS
,,,,http://mobilenetinfo.com/,ePublishing,Ellington CMS
,,,,http://www.patayershomes.com/,ePublishing,Ellington CMS
,,,,http://www.breweriesontheweb.com/,ePublishing,Ellington CMS
,,,,https://allsportsfan.com/,ePublishing,Ellington CMS
,,,,https://pauledalat.com/,ePublishing,Ellington CMS
,,,,https://thebesthealthnews.com/,ePublishing,Ellington CMS
,,,,https://solargeticdesigns.com/,ePublishing,Ellington CMS
,,,,https://littlerockgrid.com/,ePublishing,Ellington CMS
,,,,http://prodfolio.com/,ePublishing,Ellington CMS
,,,,https://try-on.com/,ePublishing,Ellington CMS
,,,,https://blackangrywomen.com/,ePublishing,Ellington CMS
,,,,https://martialartsdirectory.org/,ePublishing,Ellington CMS
,,,,https://suburbanews.com/,ePublishing,Ellington CMS
,,,,http://www.bahamas-news.com/,ePublishing,Ellington CMS
,,,,https://www.rvresorthunter.com/,ePublishing,Ellington CMS
,,,,https://downbeach.com/,ePublishing,Ellington CMS
,,,,https://phillydaily.com/,ePublishing,Ellington CMS
,,,,https://www.randominfo.xyz/,ePublishing,Ellington CMS
,,,,https://pokeyanderson.com/,ePublishing,Ellington CMS
,,,,http://nuevoestilodevida.org/,ePublishing,Ellington CMS
,,,,https://www.burberrysoutletstore.com/,ePublishing,Ellington CMS
,,,,https://rossonl.wordpress.com/,ePublishing,Ellington CMS
,,,,http://myths-made-real.blogspot.com/,ePublishing,Ellington CMS
,,,,https://northpennnow.com/,ePublishing,Ellington CMS
,,,,http://afroconsciousmedia.com/,ePublishing,Ellington CMS
,,,,http://cashpaymentnews.com/,ePublishing,Ellington CMS
,,,,https://petpipe.us/,ePublishing,Ellington CMS
,,,,https://srl.mcgill.ca/,ePublishing,Ellington CMS
,,,,https://businessjournalnorthidaho.com/,ePublishing,Ellington CMS
,,,,http://www.businessbiz.org/,ePublishing,Ellington CMS
,,,,https://wisconsinondemand.com/,ePublishing,Ellington CMS
,,,,https://taxstamptraceabilitynews.com/,ePublishing,Ellington CMS
,,,,https://outdoorsly.net/,ePublishing,Ellington CMS
,,,,http://www.sporttobet.com/,ePublishing,Ellington CMS
,,,,https://vindyarchives.com/,ePublishing,Ellington CMS
,,,,https://citizennewspapergroup.com/,ePublishing,Ellington CMS
,,,,http://www.powder-pure.com/,ePublishing,Ellington CMS
,,,,http://www.dephell.org/,ePublishing,Ellington CMS
,,,,https://thecapitolhill.blog/,ePublishing,Ellington CMS
,,,,https://wissnow.com/,ePublishing,Ellington CMS
,,,,https://fantasyofthelakes.com/,ePublishing,Ellington CMS
,,,,http://d21bb.com/,ePublishing,Ellington CMS
,,,,https://mediaworldtoday.com/,ePublishing,Ellington CMS
,,,,http://removehennatattooink.blogspot.com/,ePublishing,Ellington CMS
,,,,https://tigers.web.app/,ePublishing,Ellington CMS
,,,,https://arkansasculturalgazette.com/,ePublishing,Ellington CMS
,,,,https://georgiaindustryonline.com/,ePublishing,Ellington CMS
,,,,https://georgiatechnicalreview.com/,ePublishing,Ellington CMS
,,,,https://healthcaretodaymontana.com/,ePublishing,Ellington CMS
,,,,https://hawaiianindustrywatch.com/,ePublishing,Ellington CMS
,,,,https://missouripoliticstoday.com/,ePublishing,Ellington CMS
,,,,https://newhampshiretravelwire.com/,ePublishing,Ellington CMS
,,,,https://pennstemtimes.com/,ePublishing,Ellington CMS
,,,,https://roughriderdailynews.com/,ePublishing,Ellington CMS
,,,,https://thebillingspost.com/,ePublishing,Ellington CMS
,,,,https://coinmintnews.com/,ePublishing,Ellington CMS
,,,,https://southkoreatravelnews.com/,ePublishing,Ellington CMS
,,,,https://healthheraldgrenada.com/,ePublishing,Ellington CMS
,,,,https://mexicotraveltoday.com/,ePublishing,Ellington CMS
,,,,https://authenticationbrandnews.com/,ePublishing,Ellington CMS
,,,,https://tradestrace.com/,ePublishing,Ellington CMS
,,,,https://www.fayearmondesigns.com/,ePublishing,Ellington CMS
,,,,https://greatbasinsun.com/,ePublishing,Ellington CMS
,,,,https://dykemanparkgc.com/,ePublishing,Ellington CMS
,,,,https://city-framed.com/,ePublishing,Ellington CMS
,,,,https://samaraspencer.com/,ePublishing,Ellington CMS
,,,,https://visitbrussels.my.id/,ePublishing,Ellington CMS
,,,,https://northshore.boutique/,ePublishing,Ellington CMS
,,,,https://polydataelect.com/,ePublishing,Ellington CMS
,,,,https://ellenrbsmith.com/,ePublishing,Ellington CMS
,,,,https://healthydog.my.id/,ePublishing,Ellington CMS
,,,,https://perkvalleynow.com/,ePublishing,Ellington CMS
,,,,https://aceventurex.com/,ePublishing,Ellington CMS
,,,,http://faizzeya.org/,ePublishing,Ellington CMS
,,,,http://informedpulse.com/,ePublishing,Ellington CMS
,,,,https://onpattison.com/,ePublishing,Ellington CMS
,,,,https://hagadonenewsnetwork.com/,ePublishing,Ellington CMS
,,,,http://techspotlightdaily.com/,ePublishing,Ellington CMS
,,,,https://downbech.com/,ePublishing,Ellington CMS
,,,,http://w0g.qpon/,ePublishing,Ellington CMS
,,,,http://r1m.qpon/,ePublishing,Ellington CMS
,,,,http://tngqdu4.cfd/,ePublishing,Ellington CMS
,,,,http://ormfhg9.icu/,ePublishing,Ellington CMS
,,,,https://webtopin.github.io/,ePublishing,Ellington CMS
,,,,https://rubysana.pages.dev/,ePublishing,Ellington CMS