Paper Name,City,State,Website Url,County,Chain,Notes
Star Valley Independent,Afton,WY,www.svinews.com,Lincoln,Star Valley Publishing,Part of Star Valley Publishing)
Wyoming Tribune Eagle,Cheyenne,WY,www.wyomingnews.com,Laramie,Adams Publishing Group (APG West Division),
Uinta County Herald,Evanston,WY,www.uintacountyherald.com,Uinta,New Uinta County Herald LLC,
The Wyoming Pioneer,Hulett,WY,https://www.wyopio.com,Crook,Independent,
Bridger Valley Pioneer,Lyman,WY,www.bridgervalleypioneer.com,Uinta,Independent (Sister paper to Uinta County Herald),
News Letter Journal,Newcastle,WY,www.newslj.com,Weston,Independent (Bob Bonnar),
The Ranger,Riverton,WY,www.rivertonranger.com,Fremont,Riverton Ranger Inc.,
Rocket Miner,Rock Springs,WY,www.rocketminer.com,Sweetwater,Adams Publishing Group (APG West Division),
Weston County Gazette,Upton,WY,www.westoncountygazette.com,Weston,Independent,
Platte County Record-Times,Wheatland,WY,www.pcrecordtimes.com,Platte,Adams Publishing Group (APG West Division),
Northern Wyoming News,Worland,WY,www.wyodaily.com,Washakie,Independent,Successor to Washakie County News
Basin Republican Rustler,Basin,WY,www.basinrepublican-rustler.com,Big Horn,Independent (David Peck),Same publisher as Greybull Standard
Buffalo Bulletin,Buffalo,WY,www.buffalobulletin.com,Johnson,Independent (Angus M. Thuermer Jr.),
Casper Star-Tribune Communications,Casper,WY,www.trib.com,Natrona,Lee Enterprises,Wyomingâ€™s largest daily under Lee chain
Cody Enterprise,Cody,WY,www.codyenterprise.com,Park,Independent (Cowles family),
Douglas Budget,Douglas,WY,www.douglas-budget.com,Converse,Adams Publishing Group (APG West Division),
Dubois Frontier,Dubois,WY,www.duboisfrontier.com,Fremont,Independent (Christine Smith),
Gillette News Record,Gillette,WY,http://www.gillettenewsrecord.com/,Campbell,News Record LLC / McCraken Family,
Glenrock Independent,Glenrock,WY,www.glenrockind.com,Converse,Adams Publishing Group (APG West Division),
Green River Star,Green River,WY,www.greenriverstar.com,Sweetwater,Independent,
Greybull Standard,Greybull,WY,www.greybullstandard.com,Big Horn,Independent (Sister paper to Basin Republican Rustler),
Jackson Hole News&Guide,Jackson,WY,www.jhnewsandguide.com,Teton,Jackson Hole News & Guide Inc.,
Lander Journal,Riverton,WY,https://thelanderjournal.com,Fremont,Wyoming Newspapers Inc. (division of Adams Publishing Group - APG West),
Laramie Boomerang,Laramie,WY,www.laramieboomerang.com,Albany,Adams Publishing Group (APG West Division),
Lovell Chronicle,Lovell,WY,www.lovellchronicle.com,Big Horn,Independent,Family-owned; long-time community weekly
Moorcroft Leader,Moorcroft,WY,www.moorcroftleader.com,Crook,Independent,
Pine Bluffs Post,Pine Bluffs,WY,www.pinebluffspost.com,Laramie,Adams Publishing Group (APG West Division),
Pinedale Roundup,Pinedale,WY,www.pinedaleroundup.com,Sublette,Robert Galbreath / Sublette County Journal Group,
Powell Tribune,Powell,WY,www.powelltribune.com,Park,Independent,Employee-owned
Rawlins Times,Rawlins,WY,www.rawlinstimes.com,Carbon,Adams Publishing Group (APG West Division),
The Guernsey Gazette,Guernsey,WY,www.guernseygazette.com,Platte,Adams Publishing Group (APG West Division),
The Kemmerer Gazette,Kemmerer,WY,www.kemmerergazette.com,Lincoln,Adams Publishing Group (APG West Division),
The Lusk Herald,Lusk,WY,www.luskherald.com,Niobrara,Adams Publishing Group (APG West Division),
The Saratoga Sun,Saratoga,WY,www.saratogasun.com,Carbon,Saratoga Sun Inc.,
The Sheridan Press,Sheridan,WY,www.thesheridanpress.com,Sheridan,Sheridan Press Inc. / Bruce McConnell family,
The Sundance Times,Sundance,WY,www.sundancetimes.com,Crook,Independent (Sister paper to Moorcroft Leader),
Thermopolis Independent Record,Thermopolis,WY,www.thermopir.com,Hot Springs,Independent Record Inc.,
Torrington Telegram,Torrington,WY,www.torringtontelegram.com,Goshen,Adams Publishing Group (APG West Division),
Wind River News,Riverton,WY,https://www.facebook.com/windrivernews/,Fremont,Digital startup,Facebook-based publication