Paper Name,City,County,State,Chain/Owner,Website Url
Star Valley Independent,Afton,Lincoln,WY,Independent (Locally owned; part of Star Valley Publishing),https://www.svinews.com
Wyoming Tribune Eagle,Cheyenne,Laramie,WY,Adams Publishing Group (APG West Division),https://www.wyomingnews.com
Uinta County Herald,Evanston,Uinta,WY,Independent (locally owned by New Uinta County Herald LLC),https://www.uintacountyherald.com
The Wyoming Pioneer,Hulett,Crook,WY,Independent (local),https://www.wyopio.com
Bridger Valley Pioneer,Lyman,Uinta,WY,Independent (family-owned sister paper to Uinta County Herald),https://www.bridgervalleypioneer.com
News Letter Journal,Newcastle,Weston,WY,Independent (Locally owned by Bob Bonnar, long-time publisher),https://www.newslj.com
The Ranger,Riverton,Fremont,WY,Independent (Riverton Ranger, Inc. â€“ long-standing family ownership),https://www.rivertonranger.com
Rocket Miner,Rock Springs,Sweetwater,WY,Adams Publishing Group (APG West Division),https://www.rocketminer.com
Weston County Gazette,Upton,Weston,WY,Independent (local),https://www.westoncountygazette.com
